fuseLinkMinAmps,fuseLinkMinSeconds,fuseLinkTotClrAmps,fuseLinkTotClrSeconds
9.682778563,300.0,9.682778563,300.0
9.682778563,300.0,276.61,0.01
9.682778563,300.0,276.61,0.01
,,276.61,0.01
,,122.24,0.05
,,87.24,0.1
,,50.52,0.3
,,40.35,0.5
,,35.2,0.7
,,30.87,1.0
,,24.19,2.0
,,21.23244462,3.0
,,17.90605854,5.0
,,16.48162392,7.0
,,14.82518085,10.0
,,12.02264435,20.0
,,10.76465214,30.0
,,9.61,50.0
,,8.98,70.0
,,8.472274141,100.0
,,8.072350302,200.0
,,7.979946873,300.0
